insert into campus_trade.admin (id, username, password, location_id, created_time)
values  (1, 'admin', '111111', 0, '2025-01-12 13:34:16'),
        (2, 'admin001', '111111', 0, '2025-01-12 14:56:33'),
        (6, '000', '000000', 44, '2025-01-12 16:01:31');

insert into campus_trade.comment (id, post_id, commenter_id, content, like, create_time, update_time)
values  (1, 1, 1, '很好，10块钱我就买', 12, '2024-07-07 10:18:14', '2024-07-07 10:18:14'),
        (2, 1, 2, '200太便宜了，不买低于1000的自行车', 7, '2024-07-07 10:19:30', '2024-07-07 10:19:30'),
        (65, 1, 2, '就一句话，99卖不卖！', 0, '2024-07-09 10:33:11', '2024-07-09 10:33:11'),
        (66, 1, 2, '感觉还不错咯', 0, '2024-07-09 10:34:34', '2024-07-09 10:34:34'),
        (67, 1, 2, '滚', 2, '2024-07-09 10:37:45', '2024-07-09 10:37:45'),
        (68, 1, 2, '哈哈哈', 1, '2024-07-09 14:49:45', '2024-07-09 14:49:45'),
        (69, 2, 2, '你好', 1, '2024-07-10 08:50:19', '2024-07-10 08:50:19'),
        (70, 2, 2, '+v私聊：12345678vx', 2, '2024-07-10 08:53:23', '2024-07-10 08:53:23'),
        (71, 3, 2, '打你麻痹！！', 0, '2024-07-10 14:55:22', '2024-07-10 14:55:22'),
        (72, 3, 2, 'valorant是世界上最好的游戏', 2, '2024-07-10 14:55:47', '2024-07-10 14:55:47'),
        (73, 3, 2, '你说的对，但是神威难藏泪', 2, '2024-07-10 23:18:04', '2024-07-10 23:18:04'),
        (74, 4, 12, '怎么说，求学长指点！', 6, '2024-07-11 11:02:00', '2024-07-11 11:02:00'),
        (75, 4, 2, '湖师大太美妙了，物超所值', 2, '2024-07-11 11:15:04', '2024-07-11 11:15:04'),
        (76, 2, 12, '有意思', 1, '2024-07-12 16:16:26', '2024-07-12 16:16:26'),
        (77, 6, 13, '有需要的友友，可以留言，或者+v:16324757842wx', 3, '2024-07-12 17:40:57', '2024-07-12 17:40:57'),
        (78, 7, 22, '二手耳机很不错，有意私聊', 4, '2024-07-12 17:58:07', '2024-07-12 17:58:07'),
        (79, 7, 2, '多少钱？超过一块钱不买', 2, '2024-07-12 18:26:31', '2024-07-12 18:26:31'),
        (80, 7, 12, '感觉50块吧，能出手吗', 2, '2024-07-12 18:27:51', '2024-07-12 18:27:51'),
        (81, 7, 27, '我叫鹏仔', 1, '2024-07-27 06:58:44', '2024-07-27 06:58:44'),
        (82, 8, 27, '叫我第一名', 1, '2024-07-27 06:59:41', '2024-07-27 06:59:41'),
        (83, 6, 2, '看着不错呢', 0, '2024-08-21 08:19:55', '2024-08-21 08:19:55'),
        (84, 17, 29, '你好', 2, '2024-08-21 17:34:14', '2024-08-21 17:34:14'),
        (85, 17, 29, '还打黑屋', 2, '2024-08-21 17:34:28', '2024-08-21 17:34:28'),
        (86, 17, 2, '你好呀', 1, '2024-08-21 17:35:43', '2024-08-21 17:35:43'),
        (87, 21, 12, '细说', 2, '2025-01-11 09:21:29', '2025-01-11 09:21:29'),
        (88, 21, 12, '能详细说说吗', 1, '2025-01-11 09:22:28', '2025-01-11 09:22:28'),
        (89, 21, 12, '想知道', 1, '2025-01-11 10:16:50', '2025-01-11 10:16:50'),
        (90, 21, 2, '欲知后事如何，请听下回分解^_^', 1, '2025-01-11 11:02:01', '2025-01-11 11:02:01'),
        (91, 21, 2, '你觉得呢', 0, '2025-01-11 12:01:38', '2025-01-11 12:01:38'),
        (92, 21, 2, '你觉得呢', 0, '2025-01-11 12:01:58', '2025-01-11 12:01:58'),
        (93, 21, 2, '非常好', 0, '2025-01-11 12:11:23', '2025-01-11 12:11:23'),
        (94, 21, 2, '不能', 0, '2025-01-11 12:12:36', '2025-01-11 12:12:36'),
        (95, 21, 2, 'nonono', 0, '2025-01-11 12:22:27', '2025-01-11 12:22:27'),
        (96, 21, 2, 'hhhhhhhhhhh', 0, '2025-01-11 12:24:42', '2025-01-11 12:24:42'),
        (97, 22, 2, '马上就可以结束了！！！', 1, '2025-01-13 16:49:02', '2025-01-13 16:49:02'),
        (98, 23, 2, '很好啊！', 2, '2025-03-05 10:59:45', '2025-03-05 10:59:45'),
        (99, 24, 12, '有没有人', 0, '2025-03-05 16:37:05', '2025-03-05 16:37:05');



insert into campus_trade.detail_comment (id, detail_id, username, content, create_time)
values  (1, 'library', 'jqy', '图书馆环境很好，自习室经常爆满，建议早点来占座。', '2024-03-15 14:30:00'),
        (2, 'library', 'cjf', '一楼的借阅大厅藏书很丰富，工作人员服务态度也很好。', '2024-03-14 16:20:00'),
        (3, 'library', 'zsy', '图书馆的电子资源非常全面，对教学科研很有帮助。', '2024-03-13 09:45:00'),
        (4, 'library', 'syq', '晚上自习的时候环境安静，空调温度也很舒适。', '2024-03-12 20:15:00'),
        (5, 'library', 'jqy', '环境不错，安静~~~', '2025-01-10 15:26:37'),
        (9, 'library', 'jqy', '我爱学习', '2025-01-10 15:34:16'),
        (18, 'jyGym', 'jqy', '新体育馆非常nice！', '2025-01-10 15:54:42'),
        (20, 'library', 'jqy', '环境很好，就是人有点多', '2025-03-06 10:32:16');


insert into campus_trade.images (id, post_id, url, create_time)
values  (38, 23, 'http://localhost:8080/image/c4534146-253d-4ca7-b907-3e91fe82da88.jpg', '2025-03-05 10:11:23'),
        (39, 23, 'http://localhost:8080/image/0d5281fb-166d-4563-93bd-1ad7d452f714.jpg', '2025-03-05 10:11:23'),
        (40, 23, 'http://localhost:8080/image/a84f48a8-d4d1-4fe7-86d3-f84ddfed79fa.jpg', '2025-03-05 10:11:23'),
        (41, 24, 'http://localhost:8080/image/01b6aadd-d7fc-4538-9c5e-8942632b2e31.jpg', '2025-03-05 16:36:14'),
        (42, 24, 'http://localhost:8080/image/88059040-f976-4ac5-8eea-4b8ac4aef212.jpg', '2025-03-05 16:36:14'),
        (43, 24, 'http://localhost:8080/image/1c802daf-7cea-400c-96dc-7b9b25ea2492.jpg', '2025-03-05 16:36:14');


insert into campus_trade.likes (id, comment_id, liker_id, create_time)
values  (1, 1, 2, '2024-07-07 16:05:41'),
        (23, 2, 2, '2024-07-09 11:44:40'),
        (24, 67, 2, '2024-07-09 14:49:13'),
        (26, 70, 2, '2024-07-10 08:53:25'),
        (27, 72, 2, '2024-07-10 23:17:28'),
        (29, 73, 2, '2024-07-10 23:48:49'),
        (35, 74, 12, '2024-07-11 11:06:42'),
        (37, 75, 2, '2024-07-11 11:15:05'),
        (38, 74, 2, '2024-07-11 11:15:12'),
        (39, 75, 12, '2024-07-11 11:15:29'),
        (42, 74, 13, '2024-07-11 20:50:14'),
        (43, 70, 12, '2024-07-12 16:14:55'),
        (44, 69, 12, '2024-07-12 16:14:57'),
        (45, 76, 12, '2024-07-12 16:16:29'),
        (46, 73, 12, '2024-07-12 16:19:33'),
        (47, 72, 12, '2024-07-12 16:20:31'),
        (48, 77, 13, '2024-07-12 17:42:11'),
        (49, 78, 22, '2024-07-12 17:58:09'),
        (50, 77, 22, '2024-07-12 17:58:29'),
        (51, 1, 22, '2024-07-12 18:25:30'),
        (52, 79, 2, '2024-07-12 18:26:33'),
        (53, 78, 2, '2024-07-12 18:26:34'),
        (54, 78, 12, '2024-07-12 18:27:21'),
        (55, 79, 12, '2024-07-12 18:27:22'),
        (56, 80, 12, '2024-07-12 18:27:54'),
        (57, 80, 22, '2024-07-12 18:29:37'),
        (58, 78, 27, '2024-07-27 06:58:25'),
        (59, 81, 27, '2024-07-27 06:58:47'),
        (60, 82, 2, '2024-07-27 06:59:54'),
        (61, 77, 2, '2024-08-21 08:19:58'),
        (62, 84, 29, '2024-08-21 17:34:16'),
        (63, 85, 29, '2024-08-21 17:34:29'),
        (64, 85, 2, '2024-08-21 17:35:34'),
        (65, 84, 2, '2024-08-21 17:35:35'),
        (66, 86, 2, '2024-08-21 17:35:44'),
        (67, 2, 1, '2025-01-07 14:06:16'),
        (68, 1, 1, '2025-01-07 14:06:17'),
        (69, 67, 1, '2025-01-07 14:08:15'),
        (70, 68, 1, '2025-01-07 14:08:17'),
        (71, 86, null, '2025-01-09 11:37:39'),
        (72, 86, null, '2025-01-09 11:37:41'),
        (73, 86, null, '2025-01-09 11:37:41'),
        (81, 87, 12, '2025-01-11 09:48:45'),
        (83, 87, 2, '2025-01-11 11:11:13'),
        (85, 90, 2, '2025-01-11 11:45:25'),
        (86, 89, 2, '2025-01-11 11:58:30'),
        (87, 88, 2, '2025-01-11 12:01:23'),
        (88, 97, 2, '2025-01-13 16:49:03'),
        (89, 98, 2, '2025-03-05 15:45:26'),
        (90, 98, 12, '2025-03-05 16:19:53');



insert into campus_trade.location (id, name, description, image, detail_id, category, x, y, created_time)
values  (1, '兰桂苑', '湖南师范大学学生兰桂苑', '/images/library.png', 'lgyCanteen', '食堂', 28.18875, 112.94152, '2025-01-11 17:31:37'),
        (2, '木兰食堂', '湖南师范大学木兰食堂', '/images/library.png', 'mlCanteen', '食堂', 28.1894, 112.94155, '2025-01-11 17:31:37'),
        (3, '江边食堂', '湖南师范大学江边食堂', '/images/jbCanteen.jpg', 'jbCanteen', '食堂', 28.19045, 112.9487, '2025-01-11 17:31:37'),
        (4, '世承书院', '湖南师范大学世承书院', '/images/shichengshuyuan.png', 'shichengshuyuan', '教学科研', 28.19005, 112.94135, '2025-01-10 17:31:37'),
        (5, '至善楼', '湖南师范大学至善楼', '/images/zhishanlou.png', 'zhishanlou', '教学科研', 28.18765, 112.94228, '2025-01-11 17:31:37'),
        (6, '服装设计系', '湖南师范大学服装设计系', '/images/designMajor.png', 'designMajor', '教学科研', 28.18615, 112.94148, '2025-01-11 17:31:37'),
        (7, '理仁楼', '湖南师范大学理仁楼', '/images/lirenlou.png', 'lirenlou', '教学科研', 28.18565, 112.94078, '2025-01-11 17:31:37'),
        (8, '外国语学院', '湖南师范大学外国语学院', '/images/waiguoyulou.png', 'waiguoyulou', '教学科研', 28.1905, 112.9411, '2025-01-11 17:31:37'),
        (9, '木兰楼', '湖南师范大学木兰楼', '/images/mulanlou.png', 'mulanlou', '教学科研', 28.1903, 112.94226, '2025-01-11 17:31:37'),
        (10, '景德楼', '湖南师范大学景德楼', '/images/jindelou.png', 'jindelou', '教学科研', 28.1932, 112.941, '2025-01-11 17:31:37'),
        (11, '经纬楼', '湖南师范大学经纬楼', '/images/jingweilou.png', 'jingweilou', '教学科研', 28.1927, 112.94213, '2025-01-11 17:31:37'),
        (12, '研究生院', '湖南师范大学研究生院', '/images/library.png', 'yanjiushengyuan', '教学科研', 28.19362, 112.94248, '2025-01-11 17:31:37'),
        (13, '新闻与传播学院', '湖南师范大学新闻与传播学院', '/images/xcCollege.png', 'xcCollege', '教学科研', 28.19345, 112.94315, '2025-01-11 17:31:37'),
        (14, '生命科学学院', '湖南师范大学生命科学学院', '/images/skCollege.png', 'skCollege', '教学科研', 28.19225, 112.945, '2025-01-11 17:31:37'),
        (15, '文渊楼', '湖南师范大学文渊楼', '/images/wenyuanlou.png', 'wenyuanlou', '教学科研', 28.192, 112.9416, '2025-01-11 17:31:37'),
        (16, '中和楼', '湖南师范大学中和楼', '/images/zhonghelou.png', 'zhonghelou', '教学科研', 28.1911, 112.9419, '2025-01-12 17:31:37'),
        (17, '化工院', '湖南师范大学化工院', '/images/hxCollege.png', 'hxCollege', '教学科研', 28.1912, 112.9432, '2025-01-11 17:31:37'),
        (18, '工学院', '湖南师范大学工学院', '/images/gsCollege.png', 'gsCollege', '教学科研', 28.18805, 112.9443, '2025-01-11 17:31:37'),
        (19, '理学院', '湖南师范大学理学院', '/images/lxCollege.png', 'lxCollege', '教学科研', 28.18705, 112.94497, '2025-01-11 17:31:37'),
        (20, '教育学院', '湖南师范大学教育学院', '/images/jyCollege.png', 'jyCollege', '教学科研', 28.18727, 112.94815, '2025-01-11 17:31:37'),
        (21, '研六舍', '湖南师范大学研六舍', '/images/library.png', 'yan6', '宿舍', 28.18935, 112.94075, '2025-01-11 17:31:37'),
        (22, '研二舍', '湖南师范大学研二舍', '/images/library.png', 'yan2', '宿舍', 28.18815, 112.94135, '2025-01-11 17:31:37'),
        (23, '研五舍', '湖南师范大学研五舍', '/images/library.png', 'yan5', '宿舍', 28.1895, 112.94208, '2025-01-11 17:31:37'),
        (24, '研三舍', '湖南师范大学研三舍', '/images/library.png', 'yan3', '宿舍', 28.18865, 112.94208, '2025-01-11 17:31:37'),
        (25, '研一舍', '湖南师范大学研一舍', '/images/library.png', 'yan1', '宿舍', 28.18765, 112.94138, '2025-01-11 17:31:37'),
        (26, '二里半宿舍', '湖南师范大学二里半宿舍', '/images/library.png', 'erliban', '宿舍', 28.19305, 112.94435, '2025-01-11 17:31:37'),
        (27, '江边一舍', '湖南师范大学江边一舍', '/images/library.png', 'jiangbian1', '宿舍', 28.1888, 112.9484, '2025-01-11 17:31:37'),
        (28, '江边二舍', '湖南师范大学江边二舍', '/images/library.png', 'jiangbian1', '宿舍', 28.18933, 112.9484, '2025-01-11 17:31:37'),
        (29, '江边三舍', '湖南师范大学江边三舍', '/images/library.png', 'jiangbian3', '宿舍', 28.1899, 112.9485, '2025-01-11 17:31:37'),
        (30, '忠烈祠', '忠烈祠', '/images/zhonglie.png', 'zhonglie', '文化风景', 28.1926, 112.94025, '2025-01-11 17:31:37'),
        (31, '岳王亭', '岳王亭', '/images/yuwangting.png', 'yuewangting', '文化风景', 28.19247, 112.93953, '2025-01-11 17:31:37'),
        (32, '校门', '校门', 'http://localhost:8080/image/a3d35742-4da6-4720-a947-e079653e86b7.jpg', 'xiaomen', '文化风景', 28.1923, 112.94302, '2025-01-11 17:31:37'),
        (33, '红楼', '湖南师范大学红楼', '/images/honglou.png', 'honglou', '行政', 28.19455, 112.9417, '2025-01-11 17:31:37'),
        (34, '教务处', '湖南师范大学教务处', '/images/library.png', 'jiaowuchu', '行政', 28.19205, 112.9398, '2025-01-11 17:31:37'),
        (35, '校工会', '湖南师范大学校工会', '/images/library.png', 'xiaogonghui', '行政', 28.19165, 112.94243, '2025-01-11 17:31:37'),
        (36, '学工处', '湖南师范大学学工处', '/images/library.png', 'xuegongchu', '行政', 28.19041, 112.94898, '2025-01-11 17:31:37'),
        (37, '天文馆', '湖南师范大学天文馆', '/images/library.png', 'library2', '重要场馆', 28.19107, 112.9412, '2025-01-11 17:31:37'),
        (38, '校医院', '湖南师范大学校医院', '/images/shichengshuyuan.png', 'xiaoyiyuan', '重要场馆', 28.19005, 112.9401, '2025-01-11 17:31:37'),
        (39, '图书馆', '湖南师范大学逸夫图书馆', '/images/library.png', 'library', '重要场馆', 28.1895, 112.94335, '2025-02-11 17:31:37'),
        (40, '江湾体育馆', '湖南师范大学江湾体育馆', '/images/jyGym.png', 'jyGym', '重要场馆', 28.18805, 112.9435, '2025-01-11 17:31:37'),
        (41, '国际学术报告厅', '湖南师范大学国际学术报告厅', '/images/library.png', 'baogaoting', '重要场馆', 28.18675, 112.94492, '2025-01-11 17:31:37'),
        (42, '田径场', '湖南师范大学田径场', '/images/byPlayground.png', 'byPlayground', '重要场馆', 28.18723, 112.94695, '2025-01-11 17:31:37'),
        (44, '测试', '不是很好吃', 'http://localhost:8080/image/fc163e37-82f2-465f-96cb-93fe3c06d093.jpg', '054d9478-d3e5-4517-b952-c8e864b17989', '食堂', 28.1897, 112.94338, '2025-01-11 17:33:37');


insert into campus_trade.location_detail (id, detail_id, name, description, create_time)
values  (1, '054d9478-d3e5-4517-b952-c8e864b17989', '测试地点', '这是一个测试的详细描述', '2025-01-12 10:54:42'),
        (2, 'xiaomen', '湖师大老校门', '湖师大老校门', '2025-01-13 12:00:09'),
        (3, 'library', '逸夫图书馆', '官网地址：https://lib.hunnu.edu.cn
逸夫图书馆是一座现代化的多功能图书馆，建筑面积达50,000平方米，共有8层。

    馆内设施：
    - 24小时自习室
    - 电子阅览室
    - 多媒体学习中心
    - 研讨间
    - 报刊阅览区

    图书馆藏书量超过200万册，订阅中外文期刊4000余种，并提供丰富的电子资源和数据库访问服务。', '2025-01-13 13:18:48'),
        (4, 'zhishanlou', '至善楼', '至善楼是学校的标志性建筑之一，位于校园中心位置。

    建筑特点：
    - 古典与现代相结合的建筑风格
    - 宽敞明亮的教室
    - 现代化的多媒体设备
    - 舒适的学习环境

    主要用途：
    - 日常授课
    - 学术讲座
    - 各类会议', '2025-01-13 14:19:34'),
        (5, 'yuewangting', '岳王亭', '岳王亭坐落于校园的最高处，是观赏校园风景的绝佳位置。

    建筑特色：
    - 传统中式园林建筑风格
    - 八角攒尖顶设计
    - 精美的木质雕刻装饰
    - 环形围栏设计

    历史文化：
    - 纪念民族英雄岳飞
    - 彰显忠义精神
    - 校园文化地标

    特色亮点：
    - 是校园内最佳的观景点
    。。。- 视野开阔，可俯瞰整个校园
    - 晨昏景色尤其优美
    - 学生摄影与写生的热门场所
    - 文化活动举办地点', '2025-01-13 14:20:29'),
        (6, 'zhonghelou', '中和楼', '中和楼是学校重要的教学与行政办公大楼，体现"中和"校训精神。

    建筑功能：
    - 现代化多媒体教室
    - 院系办公区域
    - 学术报告厅
    - 会议中心

    设施配置：
    - 智能化教学设备
    - 学生自习区
    - 休闲交流空间
    - 教师办公室
    - 空中花园', '2025-01-13 14:21:13');


insert into campus_trade.location_images (id, url, create_time, location_detail_id)
values  (1, 'http://localhost:8080/image/d470437c-9653-4baa-966e-ba5116cf4810.jpg', '2025-01-12 10:59:21', 1),
        (3, 'http://localhost:8080/image/4bb5e1de-2155-4c07-923a-b56b671acde7.jpg', '2025-01-12 10:59:21', 1),
        (5, 'http://localhost:8080/image/abb350f5-6de1-433b-a1d0-6746956d977f.jpg', '2025-01-13 12:00:57', 2),
        (6, 'http://localhost:8080/image/92ca37a7-849d-4618-8c17-7c9a7a36d85a.jpg', '2025-01-13 12:00:57', 2),
        (7, 'http://localhost:8080/image/be6246a4-9704-4a54-95af-71930c074568.jpg', '2025-01-13 13:18:48', 3),
        (8, 'http://localhost:8080/image/bcd94709-333c-41fd-86e8-17737e2472e8.jpg', '2025-01-13 13:18:48', 3),
        (9, 'http://localhost:8080/image/8733375b-ee54-43a2-87e7-1d789ce0985c.jpg', '2025-01-13 13:18:48', 3),
        (10, 'http://localhost:8080/image/4a0f54ba-6173-4130-b31e-9f1aaa83031d.jpg', '2025-01-13 14:24:24', 6),
        (11, 'http://localhost:8080/image/1cef3f19-6561-4a10-a517-52f395b3525d.jpg', '2025-01-13 14:24:24', 6),
        (12, 'http://localhost:8080/image/e047c4e0-1a97-48c8-9a71-1d4e74a3f8cc.jpg', '2025-01-13 14:24:24', 6);



insert into campus_trade.location_videos (id, url, create_time, location_detail_id)
values  (2, 'http://localhost:8080/image/1925c2ec-9b20-49c2-9b33-e42bb429f4d7.mp4', '2025-01-12 11:34:28', 1),
        (3, 'http://localhost:8080/image/a66b7efc-c7af-489a-a725-b0a4b0695810.mp4', '2025-01-13 15:18:19', 3);



insert into campus_trade.notice (id, title, content, type, publisher, create_time)
values  (1, '正式推出公告', '我们的公告从今天起正式推出了！！！
欢迎大家持续关注！！！', 'normal', 1, '2025-03-06 17:16:03');



insert into campus_trade.post (id, user_id, category, title, content, create_time, update_time)
values  (23, 2, null, null, '非常好啊！！！', '2025-03-05 10:11:23', '2025-03-05 10:11:23'),
        (24, 12, null, null, '太好了！！！', '2025-03-05 16:36:14', '2025-03-05 16:36:14');


insert into campus_trade.post_collect (id, post_id, user_id)
values  (20, 23, 2),
        (28, 24, 2),
        (27, 23, 12);


insert into campus_trade.post_likes (id, post_id, user_id)
values  (22, 19, 2),
        (23, 21, 12),
        (24, 20, 12),
        (25, 18, 12),
        (26, 21, 2),
        (27, 20, 2),
        (28, 18, 2),
        (29, 22, 2),
        (30, 23, 2),
        (31, 23, 12),
        (32, 24, 12),
        (33, 24, 2);



insert into campus_trade.reply (id, father_id, commenter_id, replier_id, content, create_time)
values  (37, 87, 12, 12, '想知道', '2025-01-11 10:26:46'),
        (38, 87, 12, 12, '我也想知道', '2025-01-11 10:27:07'),
        (39, 88, 12, 12, '可以啊', '2025-01-11 10:28:15'),
        (40, 89, 12, 12, '别想', '2025-01-11 10:30:32'),
        (41, 88, 12, 12, '不可以', '2025-01-11 10:31:49'),
        (42, 90, 2, 2, '没下回了', '2025-01-11 11:03:57'),
        (43, 88, 12, 2, '到时候再说', '2025-01-11 11:58:48'),
        (44, 88, 12, 2, '你觉得呢', '2025-01-11 12:02:23'),
        (45, 87, 12, 2, '不允许', '2025-01-11 12:09:04'),
        (46, 93, 2, 2, '什么非常好', '2025-01-11 12:11:38'),
        (47, 87, 12, 2, 'oh no', '2025-01-11 12:24:53'),
        (48, 87, 12, 2, 'nnnnnnnnnn', '2025-01-11 12:25:29'),
        (49, 99, 12, 2, '111', '2025-03-06 09:48:44');


insert into campus_trade.statistics (date, count)
values  ('2025-01-12', 174),
        ('2025-01-13', 1318),
        ('2025-01-14', 224),
        ('2025-03-04', 311),
        ('2025-03-05', 734),
        ('2025-03-06', 523),
        ('2025-03-08', 156),
        ('2025-03-09', 35),
        ('2025-03-11', 65);


insert into campus_trade.user (id, username, password, nickname, avatar, age, gender, school, phone_number, email, create_time, update_time)
values  (1, 'admin', '111111', '你好', 'http://localhost:8080/image/39765544-0319-485b-9069-771d75f89edd.jpg', null, '男', '湖大', null, null, '2024-07-04 16:40:44', '2024-07-04 16:40:44'),
        (2, 'jqy', '111111', '将七月', 'http://localhost:8080/image/24f4124f-a693-4b5e-91df-5a20468a6fe4.jpg', 19, '男', '北大', null, null, '2024-07-05 09:33:16', '2024-07-05 09:33:16'),
        (12, 'cjf', '111111', '陈剑锋', 'http://localhost:8080/image/7424fbf2-1ba0-4726-9353-920bbba15b8c.jpg', 20, '男', '师大', null, null, '2024-07-11 10:50:23', '2024-07-11 10:50:23'),
        (13, 'zsy', '111111', '肘击大王', 'http://localhost:8080/image/72b79c14-b7cc-4757-9454-aff6a02e3810.jpg', 19, '男', '清华', null, null, '2024-07-11 20:49:03', '2024-07-11 20:49:03'),
        (14, 'syq', '111111', '大力出奇迹', null, 20, '男', '中南', null, null, '2024-07-11 20:51:04', '2024-07-11 20:51:04'),
        (15, 'gsl', '111111', 'qingkong', null, 20, '男', '师大', null, null, '2024-07-11 20:52:22', '2024-07-11 20:52:22'),
        (16, 'liqiang', '111111', '恩师', null, 40, '男', '北航', null, null, '2024-07-11 20:53:07', '2024-07-11 20:53:07'),
        (17, '带土', '111111', '意志坚定-带土', 'http://localhost:8080/image/54966d75-d9d5-4489-ad30-73826edf98e1.jpeg', 19, '难', '忍者学校', null, null, '2024-07-11 20:54:04', '2024-07-11 20:54:04'),
        (18, 'lxh', '111111', 'faker', null, null, null, null, null, null, '2024-07-11 20:54:40', '2024-07-11 20:54:40'),
        (19, '11111111', '111111', '11111', null, null, null, null, null, null, '2024-07-11 20:56:22', '2024-07-11 20:56:22'),
        (20, '46354553', '111111', '46551453', null, null, null, null, null, null, '2024-07-11 20:56:37', '2024-07-11 20:56:37'),
        (21, 'liangsheng', '111111', 'weeey', null, null, null, null, null, null, '2024-07-12 09:29:08', '2024-07-12 09:29:08'),
        (22, 'yonghuming', '111111', 'nicheng', 'http://localhost:8080/image/95070c79-92f8-4985-8755-6908706c1ea3.jpg', 20, '男', '师大', null, null, '2024-07-12 17:55:10', '2024-07-12 17:55:10'),
        (26, 'adroid', '111111', '我爱Adroid', null, null, null, null, null, null, '2024-07-13 17:48:27', '2024-07-13 17:48:27'),
        (27, 'pj', '111111', '鹏仔', 'http://localhost:8080/image/54c8c734-95cc-4590-bc44-45cc9dd65bc6.jpg', 16, '女', '一中', null, null, '2024-07-27 06:56:22', '2024-07-27 06:56:22'),
        (29, 'hsd', '111111', 'hjahfeiu', 'http://localhost:8080/image/63ea9cc7-6349-4e18-a2ca-7b606811c7fc.jpeg', 19, '男', '湖师大', null, null, '2024-08-21 17:29:09', '2024-08-21 17:29:09');